<?xml version="1.0" encoding="UTF-8"?>
<project-private xmlns="http://www.netbeans.org/ns/project-private/1">
    <editor-bookmarks xmlns="http://www.netbeans.org/ns/editor-bookmarks/2" lastBookmarkId="0"/>
    <open-files xmlns="http://www.netbeans.org/ns/projectui-open-files/2">
        <group>
            <file>file:/C:/Users/ADMIN/OneDrive%20-%20ctu.edu.vn/Documents/NetBeansProjects/NLXDPM/src/core/plugin/Plugin.java</file>
            <file>file:/C:/Users/ADMIN/OneDrive%20-%20ctu.edu.vn/Documents/NetBeansProjects/NLXDPM/src/core/plugin/PluginManager.java</file>
            <file>file:/C:/Users/ADMIN/OneDrive%20-%20ctu.edu.vn/Documents/NetBeansProjects/NLXDPM/src/plugins/notification/NotificationPlugin.java</file>
            <file>file:/C:/Users/ADMIN/OneDrive%20-%20ctu.edu.vn/Documents/NetBeansProjects/NLXDPM/src/application/App.java</file>
            <file>file:/C:/Users/ADMIN/OneDrive%20-%20ctu.edu.vn/Documents/NetBeansProjects/NLXDPM/src/core/service/taskService.java</file>
            <file>file:/C:/Users/ADMIN/OneDrive%20-%20ctu.edu.vn/Documents/NetBeansProjects/NLXDPM/src/core/plugin/EventContext.java</file>
            <file>file:/C:/Users/ADMIN/OneDrive%20-%20ctu.edu.vn/Documents/NetBeansProjects/NLXDPM/src/core/plugin/PluginLoader.java</file>
            <file>file:/C:/Users/ADMIN/OneDrive%20-%20ctu.edu.vn/Documents/NetBeansProjects/NLXDPM/src/UI/DashboardFrame.java</file>
            <file>file:/C:/Users/ADMIN/OneDrive%20-%20ctu.edu.vn/Documents/NetBeansProjects/NLXDPM/src/core/error/ErrorHandle.java</file>
        </group>
    </open-files>
</project-private>
